name,category,General_Price,Private_Price,unit,rank
Braided non absorbable sterile Silk 2/0 cc 40mm,Pharmacy,1,13000,12,999
paraffin gauze 9.5cm x 9.5cm (square),Pharmacy,1,1500,36's,999
Plaster of paris (POP) 7.5*270 cm,Pharmacy,1,2000,Each,999
Acyclovir 200mg dispersible,Pharmacy,40,90,Tablet,999
Acyclovir Cream 5%,Pharmacy,800,1500,Each,999
"Adrenaline 1/1000, 1ml",Pharmacy,200,200,Ampoule,999
Albendazole 200mg,Pharmacy,25,25,Tablet,999
Allopurinol 100mg,Pharmacy,50,60,Tablet,999
Aminophylline 100mg,Pharmacy,15,20,Tablet,999
"Aminophylline 25mg/ml, 10ml",Pharmacy,250,300,Vial,999
Amitriptyline 25mg,Pharmacy,15,20,Tablet,999
Amlodipine 10mg,Pharmacy,30,25,Tablet,999
Amlodipine 5mg,Pharmacy,30,25,Tablet,999
Amoxycillin 125mg/ml suspension,Pharmacy,500,600,Bottle,999
Amoxycillin 250mg,Pharmacy,25,30,Tablet,999
Amoxyclavulin Acid 500mg (augmentin),Pharmacy,300,350,Tablet,999
Ampicillin injection 1gm PFR,Pharmacy,600,750,Vial,999
Anusol supositories,Pharmacy,250,300,Each,999
Ant-acid syrup,Pharmacy,1200,1200,Bottle,999
Anti-Rabies vaccine,Pharmacy,5500,7300,Ampoule,999
"Apron, disposable, polythene",Pharmacy,0,75,Each,999
Artefan,Pharmacy,3000,3200,6's,999
Aspirin 300mg,Pharmacy,15,20,Tablet,999
Atenolol 50mg,Pharmacy,40,35,Tablet,999
Atorvastatin 10mg,Pharmacy,30,100,Tablet,999
Atorvastatin 20mg,Pharmacy,30,30,Tablet,999
"Atropine sulphate 1mg/ml, 1ml",Pharmacy,120,200,Ampoule,999
Amox-clav (Augmentin) syrup,Pharmacy,3000,5200,Bottle,999
Autoclave tape 5cm (Brown),Pharmacy,0,5000,Each,999
Azithromycin 500mg,Pharmacy,2500,2500,3,999
"Bags urine drainage 2,000ml",Pharmacy,500,500,Each,999
Bandage plaster of paris 20.0*270cm,Pharmacy,3200,3200,Each,999
"Bandage, WOW 10cm x 4m",Pharmacy,300,300,roll,999
"Bandage,plaster of paris 10.0*270cm",Pharmacy,2000,2000,Each,999
"Bandage,plaster of paris 15.0*270cm",Pharmacy,0,3200,Each,999
Benzathine benzylpenicillin 1.44g (2.44MU),Pharmacy,420,500,Vial,999
benzoic acid(6%) and salicylic acid(3%) ointment,Pharmacy,750,1000,Each,999
Benzyl benzoate application 25%,Pharmacy,800,550,Bottle,999
"Xpen (Benzylpenicillin) 3g (5MU), PFR (X-PEN).",Pharmacy,NULL,500,Vial,999
Betamethasone skin oint 0.1%,Pharmacy,750,800,Each,999
BG- Glutamin,Pharmacy,2500,2500,30,999
Bisacodyl 5mg,Pharmacy,15,30,Tablet,999
"Bupivacaine spinal heavy 0.5%, 4ml ampoule",Pharmacy,1200,1050,Vial,999
Calamine lotion,Pharmacy,900,800,Bottle,999
Calcium Gluconate injection,Pharmacy,250,450,Vial,999
Cannula iv (Venflon) 14,Pharmacy,0,180,Each,999
Cannula iv (Venflon) 16,Pharmacy,0,200,Each,999
Cannula iv (Venflon) 18,Pharmacy,0,200,Each,999
Cannula iv (Venflon) 20,Pharmacy,0,200,Each,999
Cannula iv (Venflon) 22,Pharmacy,0,200,Each,999
Cannula iv (Venflon) 24,Pharmacy,0,200,Each,999
Captopril 25mg,Pharmacy,15,30,Tablet,999
Carbamazepine 200mg,Pharmacy,15,20,Tablet,999
Catgut chromic 2/0 needle round bodied 1/2c 35mm,Pharmacy,0,13000,12,999
Catgut chromic 1 needle round bodied ½c 50mm,Pharmacy,0,13000,12,999
Catgut chromic 2 needle round bodied 1/2c 50mm,Pharmacy,0,13000,12,999
Catgut chromic 3/0 needle round bodied 1/2c25mm,Pharmacy,0,13000,12,999
Catgut chromic 4/0 needle round bodied 1/2c20mm,Pharmacy,0,13000,12,999
Catgut chromic 5/0 needle round bodied 1/2c 20mm,Pharmacy,0,13000,12,999
Catheter foley's 3-way FG 20,Pharmacy,0,350,Each,999
Catheter Foley's 3-way FG 22,Pharmacy,0,350,Each,999
Catheter Foley's FG 16,Pharmacy,0,350,Each,999
Catheter Foley's FG 18,Pharmacy,0,350,Each,999
Catheter Foley's FG 20,Pharmacy,0,350,Each,999
Catheter Foley's retention 3-5cc FG 8,Pharmacy,0,350,Each,999
Catheter Foley's retention 30cc FG 10,Pharmacy,0,350,Each,999
Catheter Foley's retention 30cc FG14,Pharmacy,0,350,Each,999
Catheter Foley`s retention 30cc FG 12,Pharmacy,0,350,Each,999
Cefixime 200mg,Pharmacy,0,250,Tablet,999
Ceftriaxone 1gm,Pharmacy,600,1500,Vial,999
cefuroxime 250mg tabs,Pharmacy,200,250,Tablet,999
Cefuroxime syrup,Pharmacy,2000,2000,Bottle,999
cefuroxime tabs,Pharmacy,0,250,Tablet,999
Cetrimide15%+chlorhexidine 1.5%(Savlon),Pharmacy,7800,14000,1litre,999
Cetrizine hydrochloride 10mg,Pharmacy,210,45,Tablet,999
Chloramphenicol 250mg,Pharmacy,25,30,Tablet,999
"Chloramphenicol succinate 1g, PFR",Pharmacy,420,500,Vial,999
Chloramphenicol syrup,Pharmacy,850,1000,Bottle,999
Chloramphnicol eye drops,Pharmacy,500,450,Each,999
Piriton – Chlorpheniramine maleate 4mg,Pharmacy,15,20,Tablet,999
CPZ – Chlorpromazine 100mg,Pharmacy,15,80,Tablet,999
"CPZ - Chlorpromazine hcl 25mg/ml, 2ml",Pharmacy,150,500,Ampule,999
Cimetidine 400mg,Pharmacy,15,20,Tablet,999
Ciprofloxacin 250mg,Pharmacy,40,60,Tablet,999
Clarithromycin 125mg/5ml,Pharmacy,1800,2500,Bottle,999
"Clips, umbilical cord, polythene",Pharmacy,0,30,Each,999
Clotrimazole cream,Pharmacy,900,750,Each,999
Clotrimazole pessaries,Pharmacy,1000,850,Each,999
Cloxacillin 125mg/5ml,Pharmacy,750,750,Bottle,999
Cloxacillin 250mg,Pharmacy,25,25,Tablet,999
Cloxacillin 500mg powder for injection,Pharmacy,1450,1900,Vial,999
Codeine phosphate 15mg,Pharmacy,30,32,Tablet,999
Coldril syrup,Pharmacy,1000,1000,Bottle,999
Cotrimoxazole 480mg,Pharmacy,15,15,Tablet,999
Bactrim – Cotrimoxazole 480mg,Pharmacy,15,15,Tablet,999
Bactrim – Cotrimoxazole suspension 240mg/5ml,Pharmacy,500,650,Bottle,999
"Cotton wool, 500g",Pharmacy,0,2500,roll,999
Cough depressant,Pharmacy,1200,1200,Bottle,999
Cough suppressant,Pharmacy,1200,1200,Bottle,999
Crepe bandages,Pharmacy,0,500,Each,999
Depomedrol 40mg/ml,Pharmacy,0,3500,Vial,999
Dexamethasone 0.5mg,Pharmacy,15,10,Tablet,999
"Dexamethasone 4mg/ml, 2ml",Pharmacy,250,500,Ampoule,999
"Dexamethasone 5mg/ml, 1ml",Pharmacy,250,450,Ampoule,999
Dexamethasone eye drops,Pharmacy,500,1000,Bottle,999
"Dextrose (glucose) 5%, 1000ml",Pharmacy,1500,1900,Bottle,999
"Dextrose 50%, 20ml",Pharmacy,420,500,Vial,999
Diazepam 5mg,Pharmacy,30,30,Tablet,999
"Diazepam 5mg/ml, 2ml",Pharmacy,120,450,Ampoule,999
Diclofenac 100mg,Pharmacy,20,20,Tablet,999
Diclofenac 50mg,Pharmacy,15,15,Tablet,999
Diclofenac gel 15gm,Pharmacy,1500,1500,Each,999
Diclofenac inj 75mg/3ml,Pharmacy,120,300,Ampoule,999
Diclofenac spray,Pharmacy,0,6300,Each,999
Diclofenac suppository,Pharmacy,300,250,Each,999
Digoxin 0.25mg,Pharmacy,50,40,Tablet,999
Dihydroartemisinin/ Piperamine 40/320mg [Daterp],Pharmacy,NULL,350,Tablet,999
Disposable gloves large,Pharmacy,0,150,pair,999
Disposable gloves medium,Pharmacy,0,150,pair,999
Domperidone,Pharmacy,25,15,Tablet,999
Dopamin 200mg/5ml,Pharmacy,120,200,Ampoule,999
Doxy – Doxycycline 100mg,Pharmacy,20,20,Tablet,999
Dyna-Hex (Chlorhexidine) 4%,Pharmacy,7800,13000,Gallon,999
Dynapar spray/diclofenac spray,Pharmacy,0,6300,Each,999
Enalapril 10mg,Pharmacy,30,35,Tablet,999
Enalapril 5mg,Pharmacy,25,20,Tablet,999
Endotracheal tubes 6.5mm,Pharmacy,0,75,Each,999
Endotracheal tubes 6mm,Pharmacy,0,75,Each,999
Endotracheal tubes 7.5mm,Pharmacy,0,75,Each,999
Endotracheal tubes 7mm,Pharmacy,0,75,Each,999
Endotracheal tubes 8mm,Pharmacy,0,75,Each,999
"Ephedrine Hcl 30mg/ml, 1ml",Pharmacy,1200,1200,Vial,999
Ergometrine 500mcg/ml +Oxytocin 10IU,Pharmacy,2000,2500,Ampoule,999
Ergometrine maleate 500mcg/ml,Pharmacy,2000,2500,Ampoule,999
Erythromycin 250mg,Pharmacy,45,55,Tablet,999
Erythromycin suspension 125mg/5ml,Pharmacy,750,750,Bottle,999
Eusol solution,Pharmacy,15600,19500,2.5ml,999
Ferous sulphate syrup (Iron syrup),Pharmacy,1000,1200,Bottle,999
Ferrous sulphate 200mg,Pharmacy,15,10,Tablet,999
Fluconazole 200mg,Pharmacy,200,70,Tablet,999
"Fluconazole 2mg/ml,100ml",Pharmacy,1100,1400,Vial,999
Folic Acid 5mg,Pharmacy,15,10,Tablet,999
"Frusemide 10mg/ml, 2ml",Pharmacy,100,150,Ampoule,999
Frusemide 40mg,Pharmacy,15,10,Tablet,999
Gauze roll,Pharmacy,0,7000,roll,999
Gauze square,Pharmacy,0,2000,pack,999
"Gentamicin 40mg/ml, 2ml",Pharmacy,120,250,Ampoule,999
"Gentamicin 80mg/ml, 2ml",Pharmacy,240,250,Ampoule,999
Gentamycin eye/ear drops,Pharmacy,500,450,Each,999
Gentamycin eye/ear drops,Pharmacy,500,500,Each,999
"GV – Gentian violet paint, aqueous 1%",Pharmacy,900,950,25g,999
Giving set iv administration,Pharmacy,0,200,Each,999
Glibenclamide 5mg,Pharmacy,15,20,Tablet,999
Glove surgeon`s size 7 sterile,Pharmacy,0,200,pair,999
Glove surgeon`s size 7.5 sterile,Pharmacy,0,200,pair,999
glucose test strip,Pharmacy,0,520,each,999
Gluteraldehyde soln 2% (Cidex) 5litres,Pharmacy,18000,21000,Gallon,999
Glycerine suppository,Pharmacy,0,200,Each,999
Griseofulvin 500mg,Pharmacy,40,100,Tablet,999
Haloperidol 5mg,Pharmacy,0,40,Tablet,999
"Haloperidol 5mg/ml, 1ml",Pharmacy,360,450,Ampoule,999
Halothane 250ml,Pharmacy,30000,35000,Vial,999
Health Passport Book,Documentation,150,200,Each,999
Heamacell 500ml,Pharmacy,2000,8000,Bottle,999
Hilderm-CH,Pharmacy,0,1200,Each,999
Hydralazine hydrocloride 20mg powder inj,Pharmacy,750,1000,Ampoule,999
Hydralazine hydrocloride 25mg,Pharmacy,40,45,Tablet,999
HCT – Hydrochlorothiazide 25mg,Pharmacy,15,10,Tablet,999
Hydrocortisone ointment 1%,Pharmacy,750,750,Each,999
Hydrocortisone sod succinate iv 100mg/2ml,Pharmacy,0,750,Ampoule,999
"Hydrogen peroxide, 20 vol.",Pharmacy,700,1100,Bottle,999
Buscopan - Hyoscine Butylbromide 10mg,Pharmacy,25,50,Tablet,999
Ibuprofen 200mg,Pharmacy,15,20,Tablet,999
Ichthammol (ichthyol) 10% ointment,Pharmacy,0,700,Each,999
Indocid – Indomethacin 25mg,Pharmacy,15,20,Tablet,999
"Insulin Lente 100 IU/ml, 10ml",Pharmacy,2000,15600,Vial,999
"Insulin soluble 100 IU/ml, 10ml",Pharmacy,2000,15600,Vial,999
Iodine solution (Betadine) 10%,Pharmacy,1200,3250,Bottle,999
Isosorbide dinitrate 10mg,Pharmacy,25,20,Tablet,999
"Ketamine hydrochloride 50mg/ml, 10ml",Pharmacy,1000,1500,Vial,999
Ketoconazole 200mg,Pharmacy,15,20,Tablet,999
Levofloxacin 250mg,Pharmacy,150,125,Tablet,999
"Lidocaine 1%,25ML",Pharmacy,500,550,Bottle,999
LIdocaine 2% 30ML,Pharmacy,0,600,Bottle,999
"Lidocaine 2%+epinephrine Dental, 1.8ml",Pharmacy,800,1050,vial,999
"Lidocaine 5%+dextrose7.5%heavy spinal,2ml",Pharmacy,800,900,Ampoule,999
Lidocaine spray,Pharmacy,4800,5000,Each,999
Liquid Paraffin,Pharmacy,1800,1800,Bottle,999
Lisinopril 10mg,Pharmacy,150,125,Tablet,999
Loperamide 2mg,Pharmacy,25,20,Tablet,999
LA – Lumefantrine and Artemether 12's,Pharmacy,1800,2000,Dose,999
LA – Lumefantrine and Artemether 18's,Pharmacy,2200,2000,Dose,999
LA – Lumefantrine and Artemether 24's,Pharmacy,2500,2000,Dose,999
LA – Lumefantrine and Artemether 6's,Pharmacy,1800,2000,Dose,999
"Magnesium sulphate 50%, 20ml",Pharmacy,150,900,Vial,999
Magnesium trisilicate compound,Pharmacy,15,15,Tablet,999
Mask face disposable paper 2-ply,Pharmacy,0,850,50,999
Mefenamic acid 250mg,Pharmacy,25,30,Tablet,999
Metformin 500mg,Pharmacy,15,50,Tablet,999
Metformin 850mg,Pharmacy,15,50,Tablet,999
Methylated Spirit 1000ml,Pharmacy,15600,16650,Gallon,999
Methyldopa 250mg,Pharmacy,20,80,Tablet,999
Metoclopramide 10mg,Pharmacy,15,30,Tablet,999
Metoclopramide 10mg/2ml inj,Pharmacy,150,300,Ampoule,999
Flagyl – Metronidazole 200mg,Pharmacy,20,20,Tablet,999
"Flagyl – Metronidazole iv 5mg/ml, 100ml",Pharmacy,400,750,Bottle,999
Flagyl – Metronidazole oral suspension 200mg/5ml,Pharmacy,700,600,Bottle,999
Miconazole cream,Pharmacy,750,650,Each,999
Microgynon Fe,Pharmacy,900,900,cycle,999
Misoprostol,Pharmacy,250,210,Tablet,999
"Naloxone 0.4mg/ml, 1ml",Pharmacy,450,650,Ampoule,999
Neostigmine 2.5mg/ml,Pharmacy,900,1600,Ampoule,999
Nifedipine 10mg,Pharmacy,20,25,Tablet,999
Nifedipine 20mg,Pharmacy,25,30,Tablet,999
Nitrofurantoin 100mg,Pharmacy,15,60,Tablet,999
Nitroglycerine 0.5mg (glyceryl trinitrate),Pharmacy,40,45,Tablet,999
Norethesterone 5mg,Pharmacy,300,350,Tablet,999
Nylon monofilament -2/0,Pharmacy,0,13000,12,999
Nylon monofilament 1,Pharmacy,0,13000,12,999
Nylon monofilament 2,Pharmacy,0,13000,12,999
"Nystatin oral suspension 100,000 IU/dose",Pharmacy,450,800,Bottle,999
"Nystatin pessaries 100,000 IU",Pharmacy,850,600,Pack,999
Omeprazole 20mg,Pharmacy,60,60,Tablet,999
ORS – Oral rehydration sachet for 1L solution,Pharmacy,150,200,sachet,999
"Oxytocin 10 IU/ml, 1ml",Pharmacy,150,100,Ampoule,999
PCM – Paracetamol syrup 120mg/5ml,Pharmacy,400,500,Bottle,999
PCM – Paracetamol 500mg,Pharmacy,15,20,Tablet,999
PCM – Paracetamol suppository child,Pharmacy,150,200,Each,999
Paradehyde inj,Pharmacy,10000,15600,Ampoule,999
Penicillin V 250mg,Pharmacy,20,30,Tablet,999
Pethidine hydrochloride 100mg,Pharmacy,2000,2000,Ampoule,999
Phenobarbitone 30mg,Pharmacy,15,10,Tablet,999
Phenobarbitone inj,Pharmacy,600,1000,Ampoule,999
Phenytoin 25mg,Pharmacy,20,20.7999992371,Tablet,999
Pill bags,Pharmacy,0,11,Each,999
"Plaster, zinc oxide 7.5cm",Pharmacy,0,850,Each,999
Podophyllin paint 10ml,Pharmacy,1800,3300,Bottle,999
Potassium Chloride(slow K) 600mg,Pharmacy,50,65,Tablet,999
Praziquantel 600mg,Pharmacy,120,150,Tablet,999
Prednisolone 5mg,Pharmacy,15,30,Tablet,999
Proguanil 100mg,Pharmacy,20,20,Tablet,999
Promethazine hydrochloride 25mg,Pharmacy,25,20,Tablet,999
"Promethazine hydrochloride 25mg/ml, 2ml",Pharmacy,150,450,Ampoule,999
Propofol inj,Pharmacy,1600,9750,Ampoule,999
Propranolol 40mg,Pharmacy,15,20,Tablet,999
Pyridoxine (Vitamin B6) 20mg,Pharmacy,15,10,Tablet,999
Quardem cream,Pharmacy,900,750,Each,999
"Quinine dihydrochloride 300mg/ml, 2ml",Pharmacy,300,350,Ampoule,999
Quinine hydrochloride 300mg,Pharmacy,60,70,Tablet,999
Ranitidine 150mg,Pharmacy,15,20,Tablet,999
Salbutamol 4mg,Pharmacy,20,20,Tablet,999
Salbutamol nebuliser,Pharmacy,1000,1000,Ampoule,999
Salbutamol syrup,Pharmacy,700,800,Bottle,999
"Salbutamol/ventolin inhaler, 100mcg/d",Pharmacy,2500,2500,Bottle,999
Scalpel blade size 11,Pharmacy,0,45,Each,999
Scalpel blade size 15,Pharmacy,0,45,Each,999
Scalpel blade size 20,Pharmacy,0,45,Each,999
Scalpel blade size 21,Pharmacy,0,45,Each,999
Scalpel blade size 6,Pharmacy,0,45,Each,999
Scapel blade size 22,Pharmacy,0,45,Each,999
Scapel blade size 24,Pharmacy,0,45,Each,999
Scapel blade sze 23,Pharmacy,0,45,Each,999
Silver nitrate pencil,Pharmacy,5000,6300,Each,999
Silver sulphadiazine cream 1%,Pharmacy,750,750,tube,999
"Sodium chloride 0.9%, 1000ml",Pharmacy,1500,1900,Bottle,999
Sodium lactate cpd (Ringer`s lactate)1000ml,Pharmacy,1500,1900,Bottle,999
SP (Sulphadox 500mg/ pyrimetha 25mg),Pharmacy,10,20,Tablet,999
Spinal needles G20,Pharmacy,0,350,Each,999
Spinal needles G22,Pharmacy,0,350,Each,999
Spironolactone 25mg,Pharmacy,40,60,Tablet,999
Suxamethonium 100mg/2ml,Pharmacy,15,520,Ampoule,999
Syringe insulin 100 IU with needle,Pharmacy,0,200,Each,999
"Syringe, 10ml",Pharmacy,0,120,Each,999
"Syringe, 20ml, disposable",Pharmacy,0,250,Each,999
"Syringe,5ml, disposable",Pharmacy,0,75,Each,999
"Syringes 2ml,disposable",Pharmacy,0,75,Each,999
Telmisartan 40mg and amlodipine 5mg,Pharmacy,40,100,Tablet,999
Tetracycline eye ointment 1% (TEO),Pharmacy,350,350,Each,999
"Thiopentone sodium 500mg, PFR",Pharmacy,1000,2000,Vial,999
Tramadol+paracetamol tabs,Pharmacy,40,100,Tablet,999
Transfusion set blood administration,Pharmacy,0,200,Each,999
Triamcinolone 40mg inj,Pharmacy,3500,3500,Vial,999
Triple Action cream,Pharmacy,0,1200,Each,999
Tube feeding CH 16,Pharmacy,0,250,Each,999
"Tube, feeding CH 12",Pharmacy,0,250,Each,999
"Tube, feeding CH 14",Pharmacy,0,250,Each,999
"Tube, feeding CH 6",Pharmacy,0,250,Each,999
"Tube, feeding CH 8",Pharmacy,0,250,Each,999
Vagid cl,Pharmacy,0,2250,Pack,999
Vecuronium bromide,Pharmacy,16000,20385,Vial,999
Vicry2,Pharmacy,0,13000,12,999
Vicryl 2-0 absorbable,Pharmacy,0,13000,12,999
Vicryl 3/0 V 393-H absorbable,Pharmacy,0,13000,12,999
"Vicryl coated 1 on rev cut needle,",Pharmacy,0,13000,12,999
Vitamin B complex strong,Pharmacy,20,25,Tablet,999
Vitamin K inj 10mg/ml,Pharmacy,250,250,Vial,999
"Vitamin, multiple",Pharmacy,20,25,Tablet,999
Warfarin 5mg,Pharmacy,30,60,Tablet,999
"Water for injections, 10ml",Pharmacy,70,65,Vial,999
Whitfield ointment compound,Pharmacy,750,1000,Each,999
Zinc tablets 20mg,Pharmacy,30,40,Tablet,999
24 hr VMA assay,Laboratory,1000,4000,NULL,999
ABO Anti-D,Laboratory,1000,0,NULL,999
"ABO,Anti A & B",Laboratory,1000,0,NULL,999
acid alcohol fast bacilli,Laboratory,1000,3000,NULL,999
acid phosphates,Laboratory,1000,2000,NULL,999
AFI,Laboratory,1000,4500,NULL,999
albumin,Laboratory,1500,2000,NULL,999
alcohol blood vessels,Laboratory,1000,3600,NULL,999
Alkaline Phosphate,Laboratory,1000,2000,NULL,999
alpha feto-protein (AFP),Laboratory,1000,7200,NULL,999
ALT/SGOT/100,Laboratory,2500,3500,NULL,999
amylase,Laboratory,1000,1500,NULL,999
ANF,Laboratory,1000,9000,NULL,999
antistreptolysin – O,Laboratory,1000,1500,NULL,999
AST/SGOT/100,Laboratory,1000,3500,NULL,999
bense jones proteins,Laboratory,1000,2000,NULL,999
biriribin (total and direct),Laboratory,2000,1500,NULL,999
birirubinuria,Laboratory,2000,3500,NULL,999
bleeding time,Laboratory,1000,2000,NULL,999
blood cross-mach,Laboratory,2000,5500,NULL,999
blood culture and sensitivity,Laboratory,1500,5500,NULL,999
blood group and rhesus status,Laboratory,1000,2000,NULL,10
brucella,Laboratory,1000,2000,NULL,999
C- reactive protein,Laboratory,1000,1500,NULL,999
Calcium,Laboratory,1500,2000,NULL,999
carbon dioxide,Laboratory,1000,2000,NULL,999
CD4 count,Laboratory,1000,1800,NULL,999
CSF analysis,Laboratory,2500,6000,NULL,999
Chloride,Laboratory,1000,2000,NULL,999
cholesterol,Laboratory,2000,2000,NULL,999
CK-MB,Laboratory,4500,4000,NULL,999
coombs-direct and indirect,Laboratory,1000,2000,NULL,999
Crag,Laboratory,1500,4000,NULL,999
creatinine,Laboratory,3500,2000,NULL,8
CRP,Laboratory,3000,6000,NULL,999
culture,Laboratory,1000,3000,NULL,999
CVM,Laboratory,1000,10800,NULL,999
DBIL-,Laboratory,2000,2500,NULL,999
differential only,Laboratory,1000,2000,NULL,999
Urine Dipstick,Laboratory,500,2000,NULL,999
eosinophil count,Laboratory,800,2000,NULL,999
epillim and tegretol blood vessels,Laboratory,1000,3600,NULL,999
erythomatosus cells,Laboratory,800,1500,NULL,999
erythrocyte count,Laboratory,800,2000,NULL,999
ESR,Laboratory,1000,2000,NULL,999
folate,Laboratory,1000,3600,NULL,999
free iron,Laboratory,1000,3600,NULL,999
gamma glutamyl transferase,Laboratory,1000,1500,NULL,999
GGT –,Laboratory,2500,3000,NULL,999
Globulin,Laboratory,1000,2000,NULL,999
glucose tolerance test,Laboratory,1000,3000,NULL,999
glucossuria,Laboratory,1000,2000,NULL,999
gram stain,Laboratory,1000,3000,NULL,999
haematocrit,Laboratory,800,2000,NULL,999
haematuria,Laboratory,1000,2000,NULL,999
Haemoglobin (HB),Laboratory,800,2000,NULL,999
HBsAg,Laboratory,1000,2000,NULL,999
HCV,Laboratory,1000,2000,NULL,999
HDL,Laboratory,3500,3500,NULL,999
hepatitis A,Laboratory,1000,2000,NULL,999
Hepatitis B,Laboratory,1000,2000,NULL,999
Hepatitis C,Laboratory,1000,2000,NULL,999
herpes abs,Laboratory,1000,7200,NULL,999
histology (Biopsy),Laboratory,4500,5400,NULL,999
HIV (elisa),Laboratory,1500,3000,NULL,999
HIV (rapid),Laboratory,1000,2000,NULL,999
HIV (western blot),Laboratory,1500,6000,NULL,999
india ink,Laboratory,1000,3500,NULL,999
Infectious mononucleosis,Laboratory,1000,2000,NULL,999
ketonuria,Laboratory,1000,2000,NULL,999
lactate dehydrogenase,Laboratory,1000,1500,NULL,999
LDH,Laboratory,1000,1500,NULL,999
LDL,Laboratory,3500,3500,NULL,999
lee white coagulation time,Laboratory,800,1500,NULL,999
LH,Laboratory,1000,4500,NULL,999
Lipase,Laboratory,5000,4500,NULL,999
lithium,Laboratory,1000,2000,NULL,999
lupus,Laboratory,800,1500,NULL,999
BF – malaria parasite smear,Laboratory,500,1000,NULL,3
mRDT,Laboratory,500,500,NULL,2
FBC (Full Blood Count),Laboratory,1000,3000,NULL,1
oestradiol,Laboratory,1000,4500,NULL,999
other culture and sensitivities,Laboratory,1000,5500,NULL,999
other haemo parasite smear,Laboratory,1000,2000,NULL,999
pap smear,Laboratory,1000,3600,NULL,999
Peripheral blood film/smear/PBF/PBS),Laboratory,1000,5000,NULL,999
phenytoin blood vessels,Laboratory,1000,3600,NULL,999
platelet count,Laboratory,800,1500,NULL,999
potassium,Laboratory,1000,2000,NULL,999
proclatin,Laboratory,1000,5400,NULL,999
progesterone,Laboratory,1000,6300,NULL,999
protein total,Laboratory,1000,1500,NULL,999
prothrombin time,Laboratory,1000,1500,NULL,999
PSA (Prostatic Specific Antigen),Laboratory,5250,6300,NULL,999
rectal snip exam,Laboratory,1000,2000,NULL,999
red cell indices reticulocyte count,Laboratory,1000,1500,NULL,999
RF specific Protein,Laboratory,4500,4000,NULL,999
schistosoma igG,Laboratory,1000,2000,NULL,999
schistosoma igM,Laboratory,1000,2000,NULL,999
SD CHECK/25,Laboratory,1500,2000,NULL,999
sediment microscopy,Laboratory,1000,2000,NULL,999
semen analysis,Laboratory,2000,3000,NULL,999
SGOT – AST,Laboratory,1000,1500,NULL,999
SGPT – ALT,Laboratory,1000,2000,NULL,999
SH,Laboratory,1000,4500,NULL,999
sickle cell test,Laboratory,1000,1500,NULL,999
sodium,Laboratory,1000,2000,NULL,999
specific gravity,Laboratory,1000,2000,NULL,999
stool microscopy,Laboratory,1000,2000,NULL,999
stool ocult blood,Laboratory,1000,2000,NULL,999
T. Protein,Laboratory,1000,1500,NULL,999
T3,Laboratory,4500,9000,NULL,999
T4,Laboratory,4500,9000,NULL,999
TBIL-,Laboratory,2000,2500,NULL,999
testestorone,Laboratory,1000,3600,NULL,999
Thyronine T4,Laboratory,1000,5400,NULL,999
tri-iodo- thyronine (T3),Laboratory,1000,5400,NULL,999
triglycerides,Laboratory,3000,2000,NULL,999
TSH,Laboratory,1000,9000,NULL,999
uric acid,Laboratory,2000,2000,NULL,999
Urinalysis ( full report),Laboratory,1000,2000,NULL,5
urine microscopy,Laboratory,1000,2000,NULL,999
urobilinogen,Laboratory,1000,2000,NULL,999
VDRL – Syphilis,Laboratory,1000,2000,NULL,9
viral load,Laboratory,1000,10800,NULL,999
vitamin B12,Laboratory,1000,4500,NULL,999
wet prep – T. vag,Laboratory,1000,3000,NULL,999
white cell count,Laboratory,1000,1500,NULL,999
Typhoid Test – widal,Laboratory,1000,2000,NULL,999
Abdomen (KUB),Radiology,3000,7500,NULL,7
Barium Enema,Radiology,20000,60000,NULL,999
Barium Follow Through,Radiology,10000,30000,NULL,999
BARIUM MEAL,Radiology,8000,18000,NULL,999
Barium Swallow,Radiology,8000,18000,NULL,999
Breast Ultrasound,Radiology,2500,7500,NULL,999
C- Arm Examination,Radiology,1500,30000,NULL,999
Cardiac Ultrasound,Radiology,2500,7500,NULL,999
Xray Neck – Cervical Spine (AP & LAT),Radiology,3000,9000,NULL,999
Chest Xray (Lateral views),Radiology,3000,9000,NULL,999
Chest Xray (AP & PA Views),Radiology,3000,9000,NULL,1
Chest Xray (Portable),Radiology,3000,9000,NULL,999
Compact Disc Xray Report,Radiology,1500,2000,NULL,999
Elbow Xray (AP & LAT View),Radiology,3000,9000,NULL,999
Facial Bones Xray,Radiology,3000,9000,NULL,999
Femur Xray (AP & LAT Views),Radiology,3000,9000,NULL,999
Forearm Xray (AP & LAT Views),Radiology,3000,9000,NULL,999
Gastrographic Swallow ,Radiology,20000,30000,NULL,999
Hand Xray (AP & LAT Views),Radiology,3000,9000,NULL,999
HSG – Hysterosalpingogram,Radiology,20000,37500,NULL,999
Intravenous Urography (IVP/IUP),Radiology,35000,52500,NULL,999
Knee Xray (AP & LAT Views),Radiology,3000,9000,NULL,999
KUB,Radiology,2500,7500,NULL,999
Lumbar Spine Xray (AP & LAT Views),Radiology,3000,9000,NULL,4
Mandible Xray (AP & Oblique Views),Radiology,3000,9000,NULL,999
Micturating Urethrogram,Radiology,37500,37500,NULL,999
Myelogram,Radiology,45000,45000,NULL,999
Obstetrics Ultrasound Scan,Radiology,2500,7500,NULL,6
Orbits,Radiology,3000,9000,NULL,999
Others,Radiology,2500,7500,NULL,999
Pelvic ultrasound scan,Radiology,2500,7500,NULL,7
Pelvis Xray,Radiology,3000,9000,NULL,999
Renal Ultrasound,Radiology,2500,7500,NULL,999
Retrograde cysto-urethrogram,Radiology,20000,37500,NULL,999
Scapula Xray,Radiology,3000,9000,NULL,999
Shoulder Xray,Radiology,3000,9000,NULL,999
SINOGRAM,Radiology,20000,30000,NULL,999
Skull Xray (AP + LAT Views),Radiology,3000,9000,NULL,5
Skull Xray (LAT Views),Radiology,3000,9000,NULL,999
Skull Xray (Townes Views),Radiology,3000,9000,NULL,999
Thoracic Spine Xray (AP & LAT Views),Radiology,3000,9000,NULL,999
Tibia/Fibula Xray (AP & LAT Views),Radiology,3000,9000,NULL,999
Upper Arm Xray (AP & LAT Views),Radiology,3000,9000,NULL,999
URETHROGRAM(HCG),Radiology,37500,37500,NULL,10
Lumbar puncture,Other Procedures,1500,1500,NULL,999
O/items: catheters,Other Procedures,2000,0,NULL,999
O/items: Bags,Other Procedures,2000,0,NULL,999
O/items: Batterlies,Other Procedures,2000,0,NULL,999
Cathetirisation,Other Procedures,2500,0,NULL,999
Drainage of joint,Surgery,4500,0,NULL,999
Insertion of Traction Pin,Surgery,4500,0,NULL,999
Urethra Dilation,Surgery,5000,0,NULL,999
Induction with Cytotec/ pitocin,Maternity,3500,7000,NULL,999
Incision and drainage(marsupulization),Maternity,7000,40000,NULL,999
Anal strength,Surgery,7000,18000,NULL,999
Cervix Biopsy (Punch),Maternity,7000,15500,NULL,999
Shirodkar Cerclage,Maternity,7000,35500,NULL,999
Removal of ganglion,Surgery,7000,15000,NULL,999
Fistulectomy,Surgery,13500,22000,NULL,999
Sequestrectomy,Surgery,7000,52000,NULL,999
Excision Lipoma,Surgery,7000,10000,NULL,999
Excision Biopsy,Other Procedures,7000,10000,NULL,999
ECG without effort,Other Procedures,0,7800,NULL,999
Tendon Repair,Other Procedures,8000,0,NULL,999
Wound Debridement,Other Procedures,8500,145000,NULL,999
Repair of third degree tear,Other Procedures,8500,13000,NULL,999
ECG with and without effort,Other Procedures,0,9000,NULL,999
needle biopsy,Other Procedures,0,10000,NULL,999
external cephalic version,Other Procedures,0,10150,NULL,999
Removal skin tumour,Other Procedures,10200,0,NULL,999
Lymph node Biopsy,Other Procedures,10200,0,NULL,999
Removal of foreign body,Other Procedures,10200,6000,NULL,999
limited repeat,Other Procedures,0,12000,NULL,999
keratometry,Other Procedures,0,12000,NULL,999
A/scanning,Other Procedures,0,12000,NULL,999
retinoscopy+ subjective refraction,Other Procedures,0,12000,NULL,999
Skin Traction,Other Procedures,12000,0,NULL,999
Circumcision Voluntary (VMMC),Other Procedures,13000,25000,NULL,999
MVA (Manual Vacuum Aspiration),Other Procedures,13000,0,NULL,999
Haemorrhoidectomy,Other Procedures,13500,0,NULL,999
Skin grafting,Other Procedures,13500,0,NULL,999
Suprapubic Catheter,Other Procedures,13500,0,NULL,999
Amputation of limb,Other Procedures,13500,0,NULL,999
Tonsillectomy,Other Procedures,13500,0,NULL,999
First lesion,Other Procedures,0,15500,NULL,999
Cauterisation,Other Procedures,0,15500,NULL,999
diagnostic,Other Procedures,0,15500,NULL,999
punch biopsy,Other Procedures,0,15500,NULL,999
surgical toilet and suturing of < cm superficial,Other Procedures,0,15500,NULL,999
Lid laceration repair,Other Procedures,0,16000,NULL,999
clavicle arthrotomy,Other Procedures,0,16000,NULL,999
diagnostic pleuarl tap,Other Procedures,0,16000,NULL,999
percutaneous needle biopsy,Other Procedures,0,16000,NULL,999
Evacuation,Maternity,17000,35500,NULL,999
Dilation and Curettage,Maternity,17000,45000,NULL,999
VVF Repair,Maternity,17000,0,NULL,999
Polypectomy,Surgery,17000,0,NULL,999
Hernia Repair,Surgery,17000,0,NULL,999
MANUAL REMOVAL OF PLACENTA (midwife),Maternity,8000,18000,NULL,999
EUA,Surgery,0,35500,NULL,999
maximal anal dilation,Surgery,0,18000,NULL,999
drainage of pararectal abscess,Surgery,0,18000,NULL,999
drainage of thrombosed pile,Surgery,0,18000,NULL,999
exscision of anal skin tag,Surgery,0,18000,NULL,999
needle biopsy,Surgery,0,18000,NULL,999
abscess marsupialization( Incision and drainange),Surgery,0,21000,NULL,999
wedge biopsy cervix,Surgery,0,21200,NULL,999
Manual removal of placenta (Clinician),Surgery,20300,22000,NULL,999
removal of tag or plyp,Surgery,0,22000,NULL,999
removal of superficial benign lesion,Surgery,0,22000,NULL,999
fine needle aspiration,Surgery,0,22000,NULL,999
shoulder arthrotomy,Surgery,0,22000,NULL,999
carpo-metacarpal-phalangeal or interphalangeal,Surgery,0,22000,NULL,999
theraupeautic tap,Surgery,0,22000,NULL,999
diagnostic peritoneal lavage,Surgery,0,22000,NULL,999
internal sphicteroctomy,Surgery,0,22000,NULL,999
fistulectomy,Surgery,0,22000,NULL,999
Split sking graft,Surgery,0,23000,NULL,999
minor ofice procedures,Surgery,0,24000,NULL,999
needle biopsy,Surgery,0,24000,NULL,999
excision of ingrowing nail,Surgery,0,24000,NULL,999
surgical toilet and suturing superficial laceration,Surgery,0,25000,NULL,999
Steroid injection,Surgery,0,25000,NULL,999
Joint aspiration,Surgery,2400,25000,NULL,999
examination under anaesthesia (EUA),Surgery,27300,35500,NULL,999
bone marow biopsy,Surgery,0,25000,NULL,999
therapeautic paracentesis,Surgery,0,25000,NULL,999
Repair of ruptured uterus,Surgery,25000,90000,NULL,999
MANUAL REMOVAL OF PLACENTA (theater),Surgery,0,26000,NULL,999
assisted breech,Surgery,0,27000,NULL,999
repair of third degree tear,Surgery,0,27000,NULL,999
wide spread,Surgery,0,30000,NULL,999
therapeutic,Surgery,0,30000,NULL,999
Lid reconstruction,Surgery,0,30000,NULL,999
examination of eye under GA,Surgery,0,30000,NULL,999
incisional biopsy of soft growing tissue tumour,Surgery,0,30000,NULL,999
Keloidectomy,Surgery,7000,30000,NULL,999
Drainage of abscess,Surgery,0,30000,NULL,999
Inciscion biopsy,Surgery,0,30000,NULL,999
escharotomy,Surgery,0,30000,NULL,999
punch graft,Surgery,0,30000,NULL,999
Acute osteomyelitis drainage,Surgery,0,30000,NULL,999
patella ORIF,Surgery,0,60000,NULL,999
Tenotomy/tenolysis,Surgery,0,30000,NULL,999
finger disaticulation,Surgery,0,30000,NULL,999
ACL reconstruction,Surgery,0,30000,NULL,999
Carpal tunnel syndrome release,Surgery,0,30000,NULL,999
De deQuervain tenosynovitis for release,Surgery,0,30000,NULL,999
Bunionectomy,Surgery,0,30000,NULL,999
Incisional biopsy for bone turmours,Surgery,0,30000,NULL,999
laryngoscopy,Surgery,0,30000,NULL,999
under water seal drain,Surgery,0,30000,NULL,999
FNA lymph node biopsy,Surgery,0,30000,NULL,999
venous cut down,Surgery,0,30000,NULL,999
local excision of a lip lesion,Surgery,0,30000,NULL,999
Heamorrhoidectomy,Surgery,0,30000,NULL,999
cystoscopy,Surgery,0,30000,NULL,999
breech extraction,Surgery,0,30500,NULL,999
elbow arthrotomy,Surgery,0,30500,NULL,999
Oophorectomy,Surgery,30500,90000,NULL,999
inguinal herniotomy,Surgery,0,31000,NULL,999
Arteriovenous fistual for haemodilysis,Surgery,0,34000,NULL,999
Placement of peritoneal catheter dilatation,Surgery,0,34000,NULL,999
BTL,Surgery,2000,35000,NULL,999
treatment of minor penetrating injury,Surgery,0,35000,NULL,999
Clitoroplasty,Surgery,0,35000,NULL,999
Delivery by general practioner,Surgery,0,35500,NULL,999
removal of malignant lesion,Surgery,0,35500,NULL,999
Lid abscess ( I and D),Surgery,0,35500,NULL,999
Biopsy,Surgery,0,35500,NULL,999
corneal foreign body removal (single),Surgery,0,35500,NULL,999
conjuctival foreign body removal,Surgery,0,35500,NULL,999
surgical toilet and suturing multiple superficial lace,Surgery,0,35500,NULL,999
excision of benign tumour,Surgery,0,35500,NULL,999
radious or ulna (closed reduction),Surgery,0,36000,NULL,999
carpal bones,Surgery,0,36000,NULL,999
bennets fracture,Surgery,0,36000,NULL,999
metacarpal (simple),Surgery,0,36000,NULL,999
manipulation and plaster per foot,Surgery,0,36000,NULL,999
drainage of parotid abscess,Surgery,0,36000,NULL,999
oesophagoscopy,Surgery,0,36000,NULL,999
Gastrotomy,Surgery,0,36000,NULL,999
repair of the omphalocele in the new born,Surgery,0,36000,NULL,999
anal sphicteroplasty for incontinence,Surgery,0,36000,NULL,999
inguinal herniorrhaphy,Surgery,0,37200,NULL,999
Salpingectomy,Surgery,39000,80000,NULL,999
Other major laparatomies,Surgery,39000,0,NULL,999
excision of inclusion cyst,Surgery,0,40000,NULL,999
abscess marsupialization,Surgery,7000,40000,NULL,999
chalazion incision and curettage,Surgery,0,40000,NULL,999
trichiasis repair (MMG),Surgery,0,40000,NULL,999
Resuscitation,Surgery,0,40000,NULL,999
wrist arthrotomy,Surgery,0,40000,NULL,999
lunate arthrotomy,Surgery,0,40000,NULL,999
toe disarticulation,Surgery,0,40000,NULL,999
removal of foreign body,Surgery,2400,6000,NULL,999
bronchoscopy,Surgery,0,40000,NULL,999
excison lymph node biopsy,Surgery,0,40000,NULL,999
excision of ranula/ intraoral cyst,Surgery,0,40000,NULL,999
open biopsy via laparatomy,Surgery,0,40000,NULL,999
Bougies,Surgery,0,41000,NULL,999
separation of fused labia,Surgery,0,42000,NULL,999
gland excision,Surgery,0,42000,NULL,999
Excision of associated cyst or tumour,Surgery,0,42000,NULL,999
drainage of asssociated abscess,Surgery,0,42000,NULL,999
fibula,Surgery,0,42000,NULL,999
knee arthrotomy,Surgery,0,42000,NULL,999
oesophagoscopy and removal of foreighn body,Surgery,0,42000,NULL,999
injection of oesophagus varices,Surgery,0,42000,NULL,999
fermoral herniotomy,Surgery,0,42000,NULL,999
repair of epigastric hernia,Surgery,0,42000,NULL,999
ectropion correction,Surgery,0,43000,NULL,999
pitosis correction (unilateral),Surgery,0,43000,NULL,999
Intraescrotal varicocelectomy,Surgery,0,43000,NULL,999
delivery by specialist pediatrician,Surgery,0,44000,NULL,999
fermoral herniorrhaphy,Surgery,0,44000,NULL,999
repair of umbilical hernia,Surgery,0,44000,NULL,999
repair of incisional hernia,Surgery,0,44000,NULL,999
Dand C,Surgery,0,45000,NULL,999
D and C plus biopsy,Surgery,0,45000,NULL,999
Evacuation of hydatiform mole,Surgery,0,45000,NULL,999
Tumour escision,Surgery,0,45000,NULL,999
treatment of major penetrating injury,Surgery,0,45000,NULL,999
anterior vitrectomy,Surgery,0,45000,NULL,999
mucolece drainage,Surgery,0,45000,NULL,999
corneal /sceral laceration repair,Surgery,0,45000,NULL,999
removal of blood from anterior chamber,Surgery,0,45000,NULL,999
Excision of malignant soft tissue tumour,Surgery,0,45000,NULL,999
excision of benign lesion,Surgery,0,45000,NULL,999
subareolar cone excision of ducts,Surgery,0,45000,NULL,999
nipple reconstruction,Surgery,0,45000,NULL,999
debridement under GA,Surgery,0,45000,NULL,999
excision of marjolin`s ulcer,Surgery,0,45000,NULL,999
Tibia,Surgery,0,45000,NULL,999
malleolus of ankle fracture,Surgery,0,45000,NULL,999
tarsal bones and os calcis,Surgery,0,45000,NULL,999
carpo metacarpal,Surgery,0,45000,NULL,999
hip arthrotomy,Surgery,0,45000,NULL,999
ankle arthrotomy,Surgery,0,45000,NULL,999
ankle,Surgery,0,175000,NULL,999
biceps humeri,Surgery,0,45000,NULL,999
forearm flexor tendons,Surgery,0,45000,NULL,999
forearms extensor tendons,Surgery,0,45000,NULL,999
carpal tunnel release,Surgery,0,45000,NULL,999
biopsy of nasopharynx under GA,Surgery,0,45000,NULL,999
removal of nasal polyp,Surgery,0,45000,NULL,999
quinsy – drainage,Surgery,0,45000,NULL,999
tracheostomy,Surgery,0,45000,NULL,999
bronchoscopy + removal f foreign body,Surgery,0,45000,NULL,999
bronchoial lavage,Surgery,0,45000,NULL,999
paracentesis of pericardium,Surgery,0,45000,NULL,999
pericardial window,Surgery,0,45000,NULL,999
excision of cysic hygroma,Surgery,0,45000,NULL,999
vascular suturing,Surgery,0,45000,NULL,999
ludwigs – anginadrainage,Surgery,0,45000,NULL,999
exscision of submandibular gland tumour,Surgery,0,45000,NULL,999
oesophagoscopy and dilation of stricture,Surgery,0,45000,NULL,999
Sub Total Gastrectomy,Surgery,0,45000,NULL,999
atresia,Surgery,0,45000,NULL,999
colostomy,Surgery,0,45000,NULL,999
sigmid vulvus sigmoioscopic decompression,Surgery,0,45000,NULL,999
repair of burst abdomen,Surgery,0,45000,NULL,999
anoplasty,Surgery,0,45000,NULL,999
repair of bladder rupture,Surgery,0,45000,NULL,999
meatoplasty,Surgery,0,45000,NULL,999
open biopsy,Surgery,0,45000,NULL,999
Hydrocelectomy,Surgery,0,45000,NULL,999
Hysterectomy (TAH).,Surgery,45000,0,NULL,999
drainage of haematocolpos,Surgery,0,45500,NULL,999
LACRIMAL CANALICULI REPAIR,Surgery,0,48000,NULL,999
transmetatarsal amputation,Surgery,0,50000,NULL,999
excision of parotid gland adenoma,Surgery,NULL,50000,NULL,999
oesophangeal intubation for inorperable ca . oesophagus,Surgery,0,50000,NULL,999
transrectal drainage of pelvic abscess,Surgery,0,50000,NULL,999
openbiopsy,Surgery,0,50000,NULL,999
drainage of periurethral abscess,Surgery,0,50000,NULL,999
Prostatectomy,Surgery,50000,0,NULL,999
drainage of periphenic absecess,Surgery,0,51000,NULL,999
Perineal urethrostomy,Surgery,0,51000,NULL,999
Priapism(caverno-spongiosum-diversion),Surgery,0,51000,NULL,999
Communicant hydrocele unilateralan biopsy,Surgery,0,51000,NULL,999
chronic osteomyetis sequestrectomy,Surgery,0,52000,NULL,999
ramsteds operation for congenital pyloric stenosis,Surgery,0,52000,NULL,999
palliative gastrojejunostomy,Surgery,0,52000,NULL,999
visual direct urethrotomy (VDU),Surgery,0,52000,NULL,999
repair of peyronies disease,Surgery,0,52000,NULL,999
testicular exploration,Surgery,0,52000,NULL,999
pitosis correction (bilateral),Surgery,0,55000,NULL,999
corneal foreign body removal (multiple),Surgery,0,55000,NULL,999
drainage operation,Surgery,0,55000,NULL,999
tibia and fibula,Surgery,0,55000,NULL,999
achilles tendon,Surgery,0,55000,NULL,999
total parotidectomy,Surgery,0,55000,NULL,999
repair of perforated gastric ulcer,Surgery,0,55000,NULL,999
repair of post traumatic liver injury,Surgery,0,55000,NULL,999
drainage of liver abscess/ cyst,Surgery,0,55000,NULL,999
choleystostomy,Surgery,0,65000,NULL,999
drainage of subphrenic abscess,Surgery,0,55000,NULL,999
removal of bladder stone/ foreign body cystolitotomy,Surgery,NULL,55000,NULL,999
bladder neck wedge resection,Surgery,0,55000,NULL,999
open biopsy of bladder tumour,Surgery,0,55000,NULL,999
cone biopsy,Surgery,0,56000,NULL,999
repair of conjuctival receration,Surgery,0,56000,NULL,999
suturing of deep laceration with limited muscle damage,Surgery,0,56000,NULL,999
colles fracturwe,Surgery,0,56000,NULL,999
drainage of other intraperitoneal abscess,Surgery,0,56000,NULL,999
posterior vitectromy,Surgery,0,58500,NULL,999
radical excision for malignancy,Surgery,0,60000,NULL,999
reconstruction of resulunt vaginal atresia,Surgery,0,60000,NULL,999
EVA + D and C + biopsy,Surgery,0,60000,NULL,999
drainage of pelvic abscess,Surgery,0,60000,NULL,999
pterygium excision,Surgery,0,60000,NULL,999
excenteration,Surgery,0,60000,NULL,999
suturing a deep laceration wt extensive muscle damage,Surgery,0,60000,NULL,999
quadrantectomy + nodal clearance,Surgery,0,60000,NULL,999
bilateral mastectomy (male),Surgery,0,60000,NULL,999
tangential excision+ grafting,Surgery,0,60000,NULL,999
release of contracture,Surgery,0,60000,NULL,999
partial thickness graft,Surgery,0,60000,NULL,999
Ulna fracture,Surgery,0,60000,NULL,999
fracture and dislocation of ankle ORIF,Surgery,0,60000,NULL,999
Metatarsal/phalangeal fracture,Surgery,0,60000,NULL,999
other bones,Surgery,0,60000,NULL,999
Debridement and POP,Surgery,0,60000,NULL,999
Fingers,Surgery,0,60000,NULL,999
Knee,Surgery,0,60000,NULL,999
Patella,Surgery,0,60000,NULL,999
Toe,Surgery,0,60000,NULL,999
pathological fracture secondary to osteomyetis,Surgery,0,60000,NULL,999
operation for recirrent dislocation of shoulder,Surgery,0,60000,NULL,999
Flexor tendons (upper limbs,Surgery,0,60000,NULL,999
Extensor tendons (upper limbs),Surgery,0,60000,NULL,999
Flexor/extensor tendon (lower limbs),Surgery,0,60000,NULL,999
infrapatella/ quadriceps tendon,Surgery,0,60000,NULL,999
tendon freeing operation,Surgery,0,60000,NULL,999
below elbow amputation,Surgery,0,60000,NULL,999
syme amputation,Surgery,0,60000,NULL,999
Nerve repair,Surgery,0,60000,NULL,999
Compartment syndrome for fasciotomy,Surgery,0,60000,NULL,999
Excisional biopsy for borne tunours,Surgery,0,60000,NULL,999
Joint biopsy,Surgery,0,60000,NULL,999
sinus drainage,Surgery,0,60000,NULL,999
retropharyngeal abscess dainage,Surgery,0,60000,NULL,999
drainage of lung abscess,Surgery,0,60000,NULL,999
operation for lympho-oedema,Surgery,0,60000,NULL,999
Achalasia – hellers operation,Surgery,0,60000,NULL,999
vagotomy and gastric drainage procedure,Surgery,0,60000,NULL,999
drainage of pancreatic abscess,Surgery,0,60000,NULL,999
perforated duodenal ulcer,Surgery,0,60000,NULL,999
adhesionlysis,Surgery,0,60000,NULL,999
meckes diverticulum,Surgery,0,60000,NULL,999
mesenteric node biopsy,Surgery,0,60000,NULL,999
appendicectomy,Surgery,0,60000,NULL,999
repair of strangulated hernia without bowel resection,Surgery,0,60000,NULL,999
pulldown operaton,Surgery,0,60000,NULL,999
Delormes operation fo rrectal prolapse,Surgery,0,60000,NULL,999
nephostomy,Surgery,0,60000,NULL,999
pylolithotomy,Surgery,0,60000,NULL,999
ureteroplasty,Surgery,0,60000,NULL,999
Open ureteric stone extraction,Surgery,0,60000,NULL,999
transurethral resection of bladder tumour,Surgery,0,60000,NULL,999
unilateral orchidectomy,Surgery,0,60000,NULL,999
Peripheral nerve repair,Surgery,0,60000,NULL,999
cataract extraction (ECCE),Surgery,0,65000,NULL,999
Fasciocutaneous flap,Surgery,0,65000,NULL,999
Musculocutaneous flap,Surgery,0,65000,NULL,999
Other complex flap,Surgery,0,65000,NULL,999
femur – ORIF,Surgery,0,65000,NULL,999
gastric devascularisation for oes varices,Surgery,0,65000,NULL,999
intususeption,Surgery,0,65000,NULL,999
olvulus,Surgery,0,65000,NULL,999
suture of renal laceration,Surgery,0,65000,NULL,999
repair of hypasodias,Surgery,0,65000,NULL,999
subcapsular orchidectomy,Surgery,0,65000,NULL,999
Upper limb,Surgery,0,66000,NULL,999
tonsillectomy,Surgery,0,66000,NULL,999
repair of lung laceration,Surgery,0,66000,NULL,999
Edoscopic extraction of ureteric stone,Surgery,0,68000,NULL,999
Bilateral orchidopexy,Surgery,0,68000,NULL,999
Marshal test for stress urinary incontinency,Surgery,0,70000,NULL,999
enucleation,Surgery,0,70500,NULL,999
cateract extraction + ECCE + IOL iplant,Surgery,0,70500,NULL,999
choleystostomy + choledochotomy,Surgery,0,71000,NULL,999
repair of strangulated hernia with bowel resection,Surgery,0,74000,NULL,999
caesarian section ( elective),Surgery,0,74400,NULL,999
amniocentesis,Surgery,0,74500,NULL,999
repair of vaginal laceration following trauma,Surgery,0,75000,NULL,999
amputation cervix,Surgery,0,75000,NULL,999
tubal surgery,Surgery,0,75000,NULL,999
conjuctival tumour excision,Surgery,0,75000,NULL,999
Hyphaema washout,Surgery,0,75000,NULL,999
glaucoma surgery (trabeculectomy),Surgery,0,75000,NULL,999
Seton's Operation,Surgery,0,75000,NULL,999
debridement of dirty/ septic laceration+ secondary sut,Surgery,0,75000,NULL,999
Debridement of dirty/ septic laceration,Surgery,0,75000,NULL,999
toilet mastectomy,Surgery,0,75000,NULL,999
radious or ulna (open reduction),Surgery,0,75000,NULL,999
elongation of achilles tendon (ETA) per foot,Surgery,0,75000,NULL,999
lower limb,Surgery,0,75000,NULL,999
operation of reurrent dislocation of any joint,Surgery,0,75000,NULL,999
rotator cuff,Surgery,0,115000,NULL,999
above elbow amputation,Surgery,0,75000,NULL,999
below knee amputation,Surgery,NULL,75000,NULL,999
tonsillectomy + adenoidectomy,Surgery,0,75000,NULL,999
pulmonary lobectomy,Surgery,0,75000,NULL,999
splenorrhaphy,Surgery,0,75000,NULL,999
vascular grafting,Surgery,0,75000,NULL,999
repair of cleft lip (unilateral),Surgery,0,75000,NULL,999
cleft palate (primary repair),Surgery,0,75000,NULL,999
repair of oesophageal ruptue,Surgery,0,75000,NULL,999
Total Gastrectomy,Surgery,0,75000,NULL,999
drainage of pancreatic pseudocyst,Surgery,0,75000,NULL,999
by-pass peration for in operable tumour,Surgery,0,75000,NULL,999
resection of tumour of the tail of pancreas,Surgery,0,75000,NULL,999
resection and anastomosis of gangreous bowel,Surgery,0,75000,NULL,999
resection of small bowel tumour,Surgery,0,75000,NULL,999
right hemiolectomy,Surgery,0,75000,NULL,999
sigmoid vulvulus open decoration,Surgery,0,75000,NULL,999
pull thoughoperation,Surgery,0,75000,NULL,999
low anterior resection for rectal tumour,Surgery,0,75000,NULL,999
partial nephrectomy,Surgery,0,75000,NULL,999
ureterostomy,Surgery,0,75000,NULL,999
open prostatectomy,Surgery,0,75000,NULL,999
partial penectomy,Surgery,0,75000,NULL,999
exploratory burr hole,Surgery,0,75000,NULL,999
elevation of depressed fracture,Surgery,0,75000,NULL,999
ecxcision of thyroglostal cyst,Surgery,0,80000,NULL,999
Pyeloplasty,Surgery,0,80000,NULL,999
caesarian section ( emergency),Surgery,0,84500,NULL,999
Urinary stress incontinency procedures,Surgery,0,85000,NULL,999
Quadriceps tendon,Surgery,0,85800,NULL,999
Patella tendon,Surgery,0,85800,NULL,999
Achilles tendons,Surgery,0,85800,NULL,999
HUMERUS (SHAFT),Surgery,0,86000,NULL,999
HUMERUS (SUPRACONDYLAR),Surgery,0,86000,NULL,999
Galleazzi fracture,Surgery,0,86000,NULL,999
Through knee amputation,Surgery,0,86000,NULL,999
full thickness graft,Surgery,0,88000,NULL,999
vaginal hysterectomy,Surgery,0,90000,NULL,999
other operations for prolapse,Surgery,0,90000,NULL,999
vaginal repair of VVF,Surgery,0,90000,NULL,999
salpingo oophorectomy,Surgery,0,90000,NULL,999
ectopic pregnancy-laparatomy,Surgery,0,90000,NULL,999
Sub Total Hysterectomy,Surgery,0,90000,NULL,999
myomectomy,Surgery,0,90000,NULL,999
evisceration,Surgery,1500,0,NULL,999
Triple Operation,Surgery,NULL,90000,NULL,999
simple mastectomy +satelite node biopsy,Surgery,0,90000,NULL,999
shoulder disarticulation,Surgery,0,90000,NULL,999
above knee amputation,Surgery,NULL,90000,NULL,999
laryngectomy,Surgery,0,90000,NULL,999
splenectomy,Surgery,0,90000,NULL,999
varicose vain stripping,Surgery,0,90000,NULL,999
repair of cleft lip (bilateral),Surgery,0,90000,NULL,999
exscision of emeloblastoma,Surgery,0,90000,NULL,999
hiatus and diaphragmatic hernia repair,Surgery,0,90000,NULL,999
right lobectomy,Surgery,0,90000,NULL,999
cholecysto/ doch-jejunostomy,Surgery,0,90000,NULL,999
excision of pancreatic adenoma,Surgery,0,90000,NULL,999
repair of pancreatic rupture,Surgery,0,90000,NULL,999
left hemocolectomy,Surgery,0,90000,NULL,999
hartmans operation,Surgery,0,90000,NULL,999
redundunt signoid colectomy,Surgery,0,90000,NULL,999
total nephrectomy,Surgery,0,90000,NULL,999
ureteic re-implantation,Surgery,0,90000,NULL,999
cystectomy ( any type),Surgery,0,90000,NULL,999
urethroplasty,Surgery,0,90000,NULL,999
trans urethral resection,Surgery,0,90000,NULL,999
debridement of open skull fracture,Surgery,0,90000,NULL,999
repair of RVF,Surgery,0,95000,NULL,999
Bladder substitution,Surgery,0,95000,NULL,999
VITREORETINAL,Surgery,NULL,100000,NULL,999
left lobectomy,Surgery,0,102000,NULL,999
Ureteric diversion to sygmoides,Surgery,0,102000,NULL,999
Bladder exstrophy repair,Surgery,0,102000,NULL,999
Bladder augmentation,Surgery,0,102000,NULL,999
Bricker procedure,Surgery,0,102000,NULL,999
hysterectomy following ruptured uterus,Surgery,0,104000,NULL,999
repair of Urethro vaginal fistula,Surgery,0,105000,NULL,999
ovarian tumour,Surgery,0,105000,NULL,999
nodulectomy,Surgery,0,105000,NULL,999
postero-medical release (PMR) per foot,Surgery,0,105000,NULL,999
for-quarter amputation,Surgery,0,105000,NULL,999
hip disaticulation,Surgery,0,105000,NULL,999
pleural decortications,Surgery,0,105000,NULL,999
cleft palate (secondary),Surgery,0,105000,NULL,999
uretero-sigmoidostomy,Surgery,0,105000,NULL,999
Total Abdominal Hysterectomy,Surgery,0,110000,NULL,999
isthmusectomy,Surgery,0,110000,NULL,999
hemi-thyroidectomy/ lobectomy,Surgery,0,115000,NULL,999
Shoulder,Surgery,0,115000,NULL,999
Elbow,Surgery,0,115000,NULL,999
Wrist,Surgery,0,115000,NULL,999
Biceps,Surgery,0,115000,NULL,999
Triceps,Surgery,0,115000,NULL,999
Knee scope without procedure,Surgery,0,115000,NULL,999
Tendon transfer,Surgery,0,115000,NULL,999
Girdlestone procedure,Surgery,0,115000,NULL,999
hind quarter amputation,Surgery,0,117000,NULL,999
bronchoplasty,Surgery,0,118000,NULL,999
pneumonectomy,Surgery,0,118000,NULL,999
whipples operation,Surgery,0,118000,NULL,999
abdomino – perineal resection,Surgery,0,118000,NULL,999
ventriculo peritoneal shunt,Surgery,0,118000,NULL,999
vaginal hysterectomy+ repair for total prolapse,Surgery,0,120000,NULL,999
repair of recurrent entercele or vault prolapse,Surgery,0,120000,NULL,999
perineoplasty,Surgery,0,120000,NULL,999
warthein operation,Surgery,0,120000,NULL,999
explortorylaparatomy,Surgery,0,120000,NULL,999
subtotal,Surgery,0,120000,NULL,999
bilateral mastectomy (female),Surgery,0,120000,NULL,999
rotation flap,Surgery,0,120000,NULL,999
Shoulder fracture,Surgery,0,120000,NULL,999
Monteggia fractures,Surgery,0,120000,NULL,999
thyroidectomy total,Surgery,0,130000,NULL,999
Radical mastectomy,Surgery,0,130000,NULL,999
oesophagectomy,Surgery,0,135000,NULL,999
Hip,Surgery,0,145000,NULL,999
Meniscetomy,Surgery,0,145000,NULL,999
Debridement,Surgery,0,145000,NULL,999
craniectomy,Surgery,0,148000,NULL,999
Vaginal Hysterectomy+salpingo oophorectomy,Surgery,0,150000,NULL,999
PHACO + IOL,Surgery,NULL,150000,NULL,999
exploration and removal of adenoma,Surgery,0,160000,NULL,999
unilateral exploration,Surgery,0,160550,NULL,999
bilateral exploration,Surgery,0,175000,NULL,999
Lisfranc fracture,Surgery,0,175000,NULL,999
Debridement and external fixators,Surgery,0,175000,NULL,999
Lisfranc injury,Surgery,0,175000,NULL,999
TAH and Bilateral salpingo oophrectomy,Surgery,0,180000,NULL,999
Meniscal repair,Surgery,0,180000,NULL,999
Pelvic fracture,Surgery,0,230000,NULL,999
Hip fracture,Surgery,0,230000,NULL,999
"Debridement, flap and external fixators",Surgery,0,230000,NULL,999
Hemiarthroplasty,Surgery,0,290000,NULL,999
cricothyroidotomy,Surgery,0,365000,NULL,999
Total hip replacement,Surgery,0,1145000,NULL,999
Total knee replacement,Surgery,0,1145000,NULL,999
Ambulance (Inpatient),Surgery,600,NULL,NULL,999
Ambulance (OPD),Surgery,1200,NULL,NULL,999
Catheterisation,Surgery,2000,3500,NULL,999
Dressing 2nd grade healing,Surgery,600,1500,NULL,999
Ear Syringing,Surgery,2400,3500,NULL,999
Eusol Dressing,Surgery,600,2500,NULL,999
Hydrocele Aspiration,Surgery,2400,NULL,NULL,999
Hydrogen Peroxide Dressing,Surgery,600,2500,NULL,999
Iodine dressing,Surgery,600,2500,NULL,999
knee aspiration,Surgery,2400,NULL,NULL,999
Lumbar puncture,Surgery,1500,1500,NULL,999
Other minor procedures,Surgery,2400,NULL,NULL,999
Incision drainage (I & D),Surgery,2400,6000,NULL,999
"P-POP.3"" (PER ROLL",Surgery,2400,5000,NULL,999
"P-POP.4""(PER ROLL)",Surgery,2400,NULL,NULL,999
"P-POP.6""(PER ROLL)",Surgery,2400,NULL,NULL,999
Wound Surturing,Surgery,2400,3200,NULL,999
Packing of nasal bleeding,Surgery,600,4800,NULL,999
Removal of Polyp Nose,Surgery,600,4800,NULL,999
Reposition Luxated Joint,Surgery,2400,3200,NULL,999
Suprapubic Catheter,Surgery,13500,10400,NULL,999
Suture removal,Surgery,600,800,NULL,999
Vaseline/Para Gause Dressing (per pack),Surgery,1800,2400,NULL,999
Wound dressing,Surgery,600,2500,NULL,999
Wound Suturing,Surgery,2400,6000,NULL,999
Diamox 250mg,Ophthalmology,200,400,Tablet,999
Chloramphenicol ointment,Pharmacy,NULL,1000,tube,999
Tetracyclin drops,Pharmacy,NULL,1000,Bottle,999
Flurometholone,Pharmacy,NULL,1000,Bottle,999
Prednisolone eye drops,Pharmacy,500,1000,Bottle,999
Seton’s Operation,Surgery,1000,NULL,NULL,999
Korean Pharmaceutical Co,Pharmacy,1500,1000,NULL,999
Lid Split,Surgery,1000,NULL,NULL,999
Blood Sugar,Ophthalmology,1000,1500,NULL,999
Levofloxacin drops,Pharmacy,NULL,1500,NULL,999
Chloramphenicol drops,Pharmacy,NULL,1500,NULL,999
Artificial tears,Pharmacy,NULL,1500,NULL,999
Foreign Body Removal,Ophthalmology,1500,3000,NULL,999
Evisceration,Ophthalmology,1500,NULL,NULL,999
Triple Operation,Surgery,1500,NULL,NULL,999
Visual Field,Ophthalmology,1000,2000,NULL,999
Maxifloxacin drops,Pharmacy,NULL,2000,Bottle,999
Ciprofloxacin drops,Pharmacy,NULL,2000,Bottle,999
Oflloxacin drops,Pharmacy,NULL,2000,Bottle,999
Tropicamide+Phenylephrine,Pharmacy,NULL,2000,NULL,999
Cyclopentolate,Pharmacy,NULL,2000,NULL,999
Atropine,Pharmacy,NULL,2000,Bottle,999
Tropicamide,Pharmacy,0,2000,NULL,999
Refraction,Ophthalmology,1000,2500,NULL,999
Retrobulbar Injection,Ophthalmology,0,2500,NULL,999
Latanoprost drops,Pharmacy,NULL,2500,Bottle,999
Brimonide drops,Pharmacy,NULL,2500,Bottle,999
cosopt drops,Pharmacy,NULL,2500,Bottle,999
Xalatin drops,Pharmacy,NULL,2500,Bottle,999
Sodium Chromogycate,Pharmacy,NULL,2500,Bottle,999
Lid repair,Ophthalmology,2500,NULL,NULL,999
Enucreation,Ophthalmology,2500,NULL,NULL,999
IOL Biometry,Ophthalmology,2000,3000,NULL,999
Timolol drops,Pharmacy,NULL,3000,Bottle,999
Dorzolamide drops,Pharmacy,NULL,3500,Bottle,999
Triamcinolone,Pharmacy,4000,NULL,NULL,999
Natamycin drops,Pharmacy,NULL,5000,Bottle,999
Econazole drops,Pharmacy,NULL,5000,Bottle,999
Acyclovir ointment,Pharmacy,NULL,5000,tube,999
Sodium Chloride 5%,Pharmacy,NULL,5000,Bottle,999
FOCAL LASER,Ophthalmology,5000,5000,NULL,999
YAG CAPSULOTOMY,Ophthalmology,5000,5000,NULL,999
EXCISION & BIOPSY,Ophthalmology,5000,NULL,NULL,999
EVISCERATION WITH SPHERE,Ophthalmology,5000,NULL,NULL,999
FOCAL LASER,Ophthalmology,0,10000,NULL,999
YAG IRIDOTOMY,Ophthalmology,10000,20000,NULL,999
PRP,Ophthalmology,10000,30000,NULL,999
ECCE + IOL,Ophthalmology,15000,NULL,NULL,999
SICS + IOL,Ophthalmology,15000,NULL,NULL,999
YAG CAPSULOTOMY,Ophthalmology,0,18000,NULL,999
TRBECULECTOMY,Ophthalmology,18000,NULL,NULL,999
YAG IRIDIOTOMY,Ophthalmology,0,20000,NULL,999
LOCAL ANESTHESIA,Ophthalmology,20000,50000,NULL,999
Strabismus Operation Under general anaesthesia,Ophthalmology,0,80000,NULL,999
Strabismus Operation Under local anaesthesia,Ophthalmology,20000,50000,NULL,999
Acetazolamide,Pharmacy,0,100,NULL,999
Call out at night for specialist,Consultation,0,8000,NULL,999
General practitioner first visit,Consultation,0,6000,NULL,999
General practitioner subs visit,Consultation,0,6000,NULL,999
Specialist consultation first visit,Consultation,0,8000,NULL,999
Specialist consultation subsequent visit,Consultation,0,8000,NULL,999
Urology consultation first visit,Consultation,NULL,8000,NULL,999
Urology consultation internal ref,Consultation,NULL,5000,NULL,999
Urology consultation review,Consultation,NULL,3000,NULL,999
Gynae consultation first visit,Consultation,NULL,8000,NULL,999
Gynae consultation review,Consultation,NULL,5000,NULL,999
Diabetes/Surg consultation first visit,Consultation,NULL,6000,NULL,999
Diabetes/Surg consultation internal ref,Consultation,NULL,5000,NULL,999
Diabetes/Surg consultation review,Consultation,NULL,3000,NULL,999
Normal Delivery (SVD),Maternity,15000,33800,NULL,999
Management of PPH,Maternity,8000,0,NULL,999
Tear/Episiotopy,Maternity,2500,0,NULL,999
Eclampsia,Maternity,50000,0,NULL,999
Severe Anaemia,Maternity,8000,0,NULL,999
Postpartum Sepsis,Maternity,15500,0,NULL,999
New born complications,Maternity,12500,0,NULL,999
Laparatomy/Raptured Ectopic Pregnancy,Maternity,35000,0,NULL,999
Hysterectomy,Maternity,42000,0,NULL,999
3rd Degree tear,Maternity,8000,0,NULL,999
Severe Pneumonia,Maternity,8000,0,NULL,999
Severe Malaria in Pregnancy,Maternity,11000,0,NULL,999
Preterm labour,Maternity,15500,0,NULL,999
Meningitis in Pregnancy,Maternity,25000,0,NULL,999
Management of APH,Maternity,12000,0,NULL,999
Hydrocerectomy,Maternity,15500,0,NULL,999
OFF JADELLE,Maternity,500,0,NULL,999
external cephalic version,Maternity,7800,10150,NULL,999
Amniocentesis,Maternity,57200,74500,NULL,999
Shirodkar suture ( cervix),Maternity,27300,35500,NULL,999
Removal of shirodkar suture,Maternity,14300,18600,NULL,999
Induction with Cytotec/ pitocin,Maternity,5200,7000,NULL,999
Assisted breech,Maternity,20800,27040,NULL,999
Breech extraction,Maternity,23400,30420,NULL,999
Distraction delivery,Maternity,26000,34000,NULL,999
Vacuum extraction,Maternity,35000,45500,NULL,999
Endoscopy Diagnostic,Other Procedures,6500,0,NULL,999
Endoscopy CLO test,Other Procedures,4000,0,NULL,999
Endoscopy Biopsy,Other Procedures,4500,0,NULL,999
Mortuary Storage,Mortuary,2000,13000,NULL,999
Mortuary Embalming,Mortuary,20000,20000,NULL,999
Death Reports,Documentation,0,4500,NULL,999
Mortuary Storage Expatriate,Mortuary,0,30000,NULL,999
Mortuary Embalming Expatriate,Mortuary,0,30000,NULL,999
Hemodialysis,Other Procedures,40000,0,NULL,999
Ethropoetin,Other Procedures,5000,0,NULL,999
Iron Hydroxide,Other Procedures,3000,0,NULL,999
Registration,Admission,500,3000,NULL,999
Accommodation Adult,Admission,1300,12000,NULL,999
Specialist visit/ day (Ward review),Consultation,600,6000,NULL,999
General practioner visit/ day (Ward review),Consultation,300,4000,NULL,999
INTENSIVE CARE UNIT,Admission,NULL,20000,NULL,999
Each additional canal,Dental,3000,5000,NULL,999
First Canal,Dental,2000,8000,NULL,5
Incision and drainage,Dental,2000,3500,NULL,7
Jaw Fracture wiring (IMF),Dental,5000,8000,NULL,999
Minor oral Surgery,Dental,2500,4000,NULL,9
One/ two surface filling,Dental,4500,5500,NULL,6
Scaling and Polishing,Dental,5000,10000,NULL,4
Simple extraction :Children,Dental,1000,3000,NULL,2
Simple extraction: Adult,Dental,1300,4000,NULL,1
Surgical Extraction,Dental,5000,5000,NULL,10
Temporary Filling,Dental,2500,3000,NULL,3
Three or more Surface filling,Dental,4500,5500,NULL,999
TMJ Reduction,Dental,2500,5000,NULL,8
Consultation ART (Catchment),Consultation,200,0,NULL,7
Consultation ART (Other),Consultation,500,0,NULL,8
Consultation VIA (Catchment),Consultation,200,0,NULL,999
Consultation VIA (Other),Consultation,500,0,NULL,999
Consultation ANC (Catchment),Consultation,200,NULL,NULL,3
Consultation ANC First (Other),Consultation,2500,13650,NULL,5
Consultation ANC Subs (Other),Consultation,1500,10140,NULL,6
Consultation Adult,Consultation,500,6000,NULL,1
Consultation Child,Consultation,300,6000,NULL,2
Consultation (EYE) Adult,Consultation,1000,6000,NULL,4
Consultation (EYE) Child,Consultation,500,4000,NULL,999
Consultation Child (Night),Consultation,500,0,NULL,10
Consultation Adult (Night),Consultation,700,0,NULL,9
Braided non absorbable sterile Silk 2/0 cc 40mm,Pharmacy,0,13000,NULL,999
paraffin gauze 9.5cm x 9.5cm (square),Pharmacy,0,1500,NULL,999
Plaster of paris (POP) 7.5*270 cm,Pharmacy,0,2000,NULL,999
"Atropine sulphate 1mg/ml, 1ml",Pharmacy,120,200,NULL,999
"Bandage,plaster of paris 10.0*270cm",Pharmacy,2000,2000,NULL,999
"Xpen – Benzylpenicillin 3g (5MU), PFR (X-PEN).",Pharmacy,0,500,NULL,999
Catgut chromic 2/0 needle round bodied 1/2c 35mm,Pharmacy,0,13000,NULL,999
Catgut chromic 1 needle round bodied ½c 50mm,Pharmacy,0,13000,NULL,999
Catheter foley's 3-way FG 20,Pharmacy,0,350,NULL,999
Catheter Foley's retention 3-5cc FG 8,Pharmacy,0,350,NULL,999
cefuroxime 250mg tabs,Pharmacy,200,210,NULL,999
Chlorpheniramine maleate 4mg,Pharmacy,15,20,NULL,999
Chlorpromazine 100mg,Pharmacy,15,80,NULL,999
"Chlorpromazine hcl 25mg/ml, 2ml",Pharmacy,250,500,NULL,999
Cotrimoxazole suspention 240mg/5ml,Pharmacy,500,650,NULL,999
Dihydroartemisinin/ Piperamine 40/320mg(Dartepp),Pharmacy,0,350,NULL,999
Doxycycline 100mg,Pharmacy,20,320,NULL,999
Flucloxacillin 250mg,Pharmacy,25,25,NULL,999
"Gentian violet paint, aqueous 1%",Pharmacy,900,950,NULL,999
Hydralazine hydrocloride 20mg powder inj,Pharmacy,750,1000,NULL,999
HCT - Hydrochlorothiazide 25mg,Pharmacy,15,10,NULL,999
Indomethacin 25mg,Pharmacy,15,20,NULL,999
Naproxen 500mg,Pharmacy,60,100,Tablet,999
Oral rehydration sachet for 1L solution,Pharmacy,150,200,NULL,999
PCM – Paracetamol syrup 120mg/5ml,Pharmacy,400,500,NULL,999
Vicryl 3/0 V 393-H absorbable,Pharmacy,0,13000,NULL,999
Bilirubin T&D,Laboratory,2000,2000,NULL,999
blood urea nitrogen,Laboratory,2500,2000,NULL,7
Sugar test – (glucose),Laboratory,2000,2500,NULL,4
PT – pregnancy test,Laboratory,1000,2000,NULL,6
Abdomen Xray (Erect & Spine),Radiology,3000,9000,NULL,2
Abdominal Ultrasound,Radiology,2500,7500,NULL,3
Cervical Spine (AP & LAT View),Radiology,3000,9000,NULL,9
Elbow (AP & LAT View),Radiology,3000,9000,NULL,999
Facial Bones,Radiology,3000,9000,NULL,999
Knee (AP & LAT Views),Radiology,3000,9000,NULL,999
Mandible Xray (AP & Oblique Views),Radiology,3000,9000,NULL,999
Pelvic Ultrasound,Radiology,2500,7500,NULL,4
Pelvis Xray,Radiology,3000,9000,NULL,999
Skull (Townes Views),Radiology,3000,9000,NULL,999
Upper Arm Xray (AP & LAT Views),Radiology,3000,9000,NULL,999
URETHROGRAM (HCG),Radiology,37500,37500,NULL,10
MVA,Other Procedures,13000,NULL,NULL,999
surgical toilet and suturing of < cm superficial,Other Procedures,0,15500,NULL,999
excision of parotid gland adenoma,Surgery,0,50000,NULL,999
removal of bladder stone/ foreign body cystolitotomy,Surgery,0,55000,NULL,999
BKA - below knee amputation,Surgery,0,75000,NULL,999
TRIPLE OPERATION,Surgery,0,90000,NULL,999
AKA – above knee amputation,Surgery,0,90000,NULL,999
VITREORETINAL,Surgery,0,100000,NULL,999
PHACO + IOL,Surgery,0,150000,NULL,999
Ambulance,Surgery,10000,10000,NULL,999
Chloramphenicol ointment,Pharmacy,0,1000,NULL,999
Tetracyclin drops,Pharmacy,0,1000,NULL,999
Flurometholone,Pharmacy,0,1000,NULL,999
SETON'S OPERATIN,Surgery,1000,0,NULL,999
KOREAN PHARMACETICAL CO,Pharmacy,0,250,NULL,999
LID SPLIT,Surgery,1000,0,NULL,999
Levofloxacin drops,Pharmacy,0,1500,NULL,999
Chloramphenicol drops,Pharmacy,0,1500,NULL,999
Gentamycin drops,Pharmacy,500,1500,NULL,999
Artificial tears,Pharmacy,0,1500,NULL,999
TRIPLE OPERATION,Surgery,1500,0,NULL,999
Maxifloxacin drops,Pharmacy,0,2000,NULL,999
Ciprofloxacin drops,Pharmacy,0,2000,NULL,999
Oflloxacin drops,Pharmacy,0,2000,NULL,999
Tropicamide+Phenylephrine,Pharmacy,0,2000,NULL,999
Cyclopentolate,Pharmacy,0,2000,NULL,999
Atropine,Pharmacy,0,2000,NULL,999
Latanoprost drops,Pharmacy,0,2500,NULL,999
Brimonide drops,Pharmacy,0,2500,NULL,999
cosopt drops,Pharmacy,0,2500,NULL,999
Xalatin drops,Pharmacy,0,2500,NULL,999
Sodium Chromogycate,Pharmacy,0,2500,NULL,999
"I & D, I & C.",Ophthalmology,2500,0,NULL,999
LID REPAIR,Ophthalmology,2500,0,NULL,999
ENUCREATION,Ophthalmology,2500,0,NULL,999
Timolol drops,Pharmacy,0,3000,NULL,999
Dorzolamide drops,Pharmacy,0,3500,NULL,999
Triamcinolone,Pharmacy,4000,0,NULL,999
Natamycin drops,Pharmacy,0,5000,NULL,999
Econazole drops,Pharmacy,0,5000,NULL,999
Acyclovir ointment,Pharmacy,0,5000,NULL,999
Sodium Chloride 5%,Pharmacy,0,5000,NULL,999
EXCISION & BIOPSY,Ophthalmology,5000,0,NULL,999
EVISCERATION WITH SPHERE,Ophthalmology,5000,0,NULL,999
YAG IRIDOTOMY,Ophthalmology,10000,0,NULL,999
ECCE + IOL,Ophthalmology,15000,0,NULL,999
SICS + IOL,Ophthalmology,15000,0,NULL,999
TRBECULECTOMY,Ophthalmology,18000,0,NULL,999
LOCAL ANESTHESIA,Ophthalmology,20000,0,NULL,999
Reading Glasses,Ophthalmology,10000,25000,NULL,999
Acetazolamide,Pharmacy,0,100,NULL,999
general practitioner first visit,Consultation,0,6000,NULL,999
general practitioner subsequent visit,Consultation,0,6000,NULL,999
Postnatal checkup (Cesarean Section),Maternity,1500,13650,NULL,999
Caesarean Section,Maternity,25000,74360,NULL,999
Caesarean Section (Emergency) ,Maternity,0,84500,NULL,999
Postnatal checkup (Normal),Maternity,750,13650,NULL,999
Retrobulbar Injecttion,Ophthalmology,0,2500,NULL,999
Accommodation (Paediatric),Admission,500,12000,NULL,999
